"kew_id","family","genus","taxon_name","taxonomic_status","accepted_name","accepted_kew_id"
"30001330-2","Solanaceae","Lycium","Lycium","Accepted","",""
"816320-1","Solanaceae","Lycium","Lycium abeliiflorum","Synonym","Lycium shawii","816629-1"
"146677-2","Solanaceae","Lycium","Lycium acanthocladium","Synonym","Lycium gilliesianum","816461-1"
"816322-1","Solanaceae","Lycium","Lycium aciculare","Synonym","Lycium bosciifolium","816366-1"
"816323-1","Solanaceae","Lycium","Lycium acnistoides","Synonym","Lycium martii","816526-1"
"816324-1","Solanaceae","Lycium","Lycium acutifolium","Accepted","",""
"816329-1","Solanaceae","Lycium","Lycium afrum","Synonym","Lycium afrum","816326-1"
"816326-1","Solanaceae","Lycium","Lycium afrum","Accepted","",""
"816333-1","Solanaceae","Lycium","Lycium aggregatum","Synonym","Iochroma arborescens","77186334-1"
"816334-1","Solanaceae","Lycium","Lycium albiflorum","Synonym","Lycium shawii","816629-1"
"77158466-1","Solanaceae","Lycium","Lycium amarum","Accepted","",""
"146678-2","Solanaceae","Lycium","Lycium ameghinoi","Accepted","",""
"816336-1","Solanaceae","Lycium","Lycium americanum","Accepted","",""
"146679-2","Solanaceae","Lycium","Lycium americanum var. chrysocarpum","Synonym","Lycium americanum","816336-1"
"816337-1","Solanaceae","Lycium","Lycium amoenum","Accepted","",""
"816338-1","Solanaceae","Lycium","Lycium anatolicum","Accepted","",""
"816339-1","Solanaceae","Lycium","Lycium andersonii","Accepted","",""
"77225155-1","Solanaceae","Lycium","Lycium andersonii var. andersonii","Accepted","",""
"146680-2","Solanaceae","Lycium","Lycium andersonii var. deserticola","Accepted","",""
"289765-2","Solanaceae","Lycium","Lycium andersonii f. deserticola","Homotypic_Synonym","Lycium andersonii var. deserticola","146680-2"
"289461-2","Solanaceae","Lycium","Lycium andersonii var. pubescens","Synonym","Lycium andersonii var. andersonii","77225155-1"
"816340-1","Solanaceae","Lycium","Lycium angustifolium","Unplaced","",""
"816341-1","Solanaceae","Lycium","Lycium apiculatum","Synonym","Lycium horridum","816485-1"
"816342-1","Solanaceae","Lycium","Lycium arabicum","Synonym","Lycium shawii","816629-1"
"816343-1","Solanaceae","Lycium","Lycium arborescens","Homotypic_Synonym","Iochroma arborescens","77186334-1"
"816344-1","Solanaceae","Lycium","Lycium arenicola","Accepted","",""
"816345-1","Solanaceae","Lycium","Lycium × argentinocestroides","Unplaced","",""
"816346-1","Solanaceae","Lycium","Lycium argentinoelongatum","Unplaced","",""
"816347-1","Solanaceae","Lycium","Lycium argentinum","Synonym","Lycium ciliatum","816391-1"
"816348-1","Solanaceae","Lycium","Lycium armatum","Accepted","",""
"146682-2","Solanaceae","Lycium","Lycium arochae","Accepted","",""
"816350-1","Solanaceae","Lycium","Lycium aschersonii","Homotypic_Synonym","Lycium schweinfurthii var. aschersonii","77251522-1"
"279961-2","Solanaceae","Lycium","Lycium athium","Accepted","",""
"816351-1","Solanaceae","Lycium","Lycium australe","Accepted","",""
"816352-1","Solanaceae","Lycium","Lycium austrinum","Synonym","Lycium oxycarpum","816563-1"
"816353-1","Solanaceae","Lycium","Lycium bachmannii","Synonym","Lycium afrum","816326-1"
"816354-1","Solanaceae","Lycium","Lycium bachmannii","Synonym","Lycium afrum","816326-1"
"816358-1","Solanaceae","Lycium","Lycium barbarum","Synonym","Lycium shawii","816629-1"
"816355-1","Solanaceae","Lycium","Lycium barbarum","Synonym","Lycium chinense var. chinense","77225335-1"
"816356-1","Solanaceae","Lycium","Lycium barbarum","Accepted","",""
"891635-1","Solanaceae","Lycium","Lycium barbarum var. aurantiicarpum","Accepted","",""
"77224962-1","Solanaceae","Lycium","Lycium barbarum var. barbarum","Accepted","",""
"77118770-1","Solanaceae","Lycium","Lycium barbarum var. implicatum","Synonym","Lycium barbarum var. barbarum","77224962-1"
"816359-1","Solanaceae","Lycium","Lycium barbatum","Synonym","Lycium barbarum var. barbarum","77224962-1"
"816360-1","Solanaceae","Lycium","Lycium barbinodum","Accepted","",""
"146684-2","Solanaceae","Lycium","Lycium berberidoides","Homotypic_Synonym","Lycium puberulum var. berberidoides","146828-2"
"816362-1","Solanaceae","Lycium","Lycium berlandieri","Accepted","",""
"289457-2","Solanaceae","Lycium","Lycium berlandieri var. andersonii","Synonym","Lycium andersonii var. andersonii","77225155-1"
"146686-2","Solanaceae","Lycium","Lycium berlandieri var. barbinodum","Synonym","Lycium barbinodum","816360-1"
"77225119-1","Solanaceae","Lycium","Lycium berlandieri var. berlandieri","Accepted","",""
"289287-2","Solanaceae","Lycium","Lycium berlandieri subvar. brachyanthum","Synonym","Lycium berlandieri var. berlandieri","77225119-1"
"146687-2","Solanaceae","Lycium","Lycium berlandieri var. brevilobum","Synonym","Lycium berlandieri var. parviflorum","289458-2"
"289290-2","Solanaceae","Lycium","Lycium berlandieri var. brevipes","Synonym","Lycium brevipes var. brevipes","77225454-1"
"146688-2","Solanaceae","Lycium","Lycium berlandieri var. longiflorum","Synonym","Lycium berlandieri var. berlandieri","77225119-1"
"146689-2","Solanaceae","Lycium","Lycium berlandieri var. longistylum","Accepted","",""
"146690-2","Solanaceae","Lycium","Lycium berlandieri var. miersii","Synonym","Lycium berlandieri var. berlandieri","77225119-1"
"146691-2","Solanaceae","Lycium","Lycium berlandieri var. normale","Synonym","Lycium berlandieri","816362-1"
"289289-2","Solanaceae","Lycium","Lycium berlandieri var. palmeri","Synonym","Lycium berlandieri var. berlandieri","77225119-1"
"289458-2","Solanaceae","Lycium","Lycium berlandieri var. parviflorum","Accepted","",""
"146692-2","Solanaceae","Lycium","Lycium berlandieri f. parviflorum","Homotypic_Synonym","Lycium berlandieri var. parviflorum","289458-2"
"146693-2","Solanaceae","Lycium","Lycium berlandieri var. peninsulare","Synonym","Lycium berlandieri var. berlandieri","77225119-1"
"289456-2","Solanaceae","Lycium","Lycium berlandieri subvar. pubescens","Synonym","Lycium berlandieri var. berlandieri","77225119-1"
"289288-2","Solanaceae","Lycium","Lycium berlandieri subvar. richii","Synonym","Lycium brevipes var. brevipes","77225454-1"
"289286-2","Solanaceae","Lycium","Lycium berlandieri var. schaffneri","Homotypic_Synonym","Lycium schaffneri","816618-1"
"289455-2","Solanaceae","Lycium","Lycium berlandieri subvar. wrightii","Synonym","Lycium berlandieri var. berlandieri","77225119-1"
"146694-2","Solanaceae","Lycium","Lycium biesei","Synonym","Lycium leiostemum","816513-1"
"816365-1","Solanaceae","Lycium","Lycium boerhaviifolium","Accepted","",""
"816366-1","Solanaceae","Lycium","Lycium bosciifolium","Accepted","",""
"816367-1","Solanaceae","Lycium","Lycium brachyanthum","Homotypic_Synonym","Citharexylum brachyanthum","59425-2"
"146695-2","Solanaceae","Lycium","Lycium breanum","Synonym","Lycium deserti","816414-1"
"816369-1","Solanaceae","Lycium","Lycium brevipes","Accepted","",""
"77225454-1","Solanaceae","Lycium","Lycium brevipes var. brevipes","Accepted","",""
"146696-2","Solanaceae","Lycium","Lycium brevipes var. hassei","Accepted","",""
"816370-1","Solanaceae","Lycium","Lycium brevistylum","Unplaced","",""
"77112885-1","Solanaceae","Lycium","Lycium bridgesii","Accepted","",""
"816371-1","Solanaceae","Lycium","Lycium caespitosum","Synonym","Lycium cinereum","816392-1"
"816372-1","Solanaceae","Lycium","Lycium californicum","Accepted","",""
"289283-2","Solanaceae","Lycium","Lycium californicum var. arizonicum","Accepted","",""
"77225100-1","Solanaceae","Lycium","Lycium californicum subsp. californicum","Accepted","",""
"146698-2","Solanaceae","Lycium","Lycium californicum subsp. carinatum","Accepted","",""
"146699-2","Solanaceae","Lycium","Lycium californicum var. interior","Accepted","",""
"816373-1","Solanaceae","Lycium","Lycium campanulatum","Synonym","Lycium afrum","816326-1"
"816375-1","Solanaceae","Lycium","Lycium canescens","Unplaced","",""
"816376-1","Solanaceae","Lycium","Lycium canum","Unplaced","",""
"816377-1","Solanaceae","Lycium","Lycium capense","Unplaced","",""
"816378-1","Solanaceae","Lycium","Lycium capillare","Unplaced","",""
"816379-1","Solanaceae","Lycium","Lycium capsulare","Synonym","Hydrolea spinosa var. spinosa","77231034-1"
"146701-2","Solanaceae","Lycium","Lycium carinatum","Homotypic_Synonym","Lycium californicum subsp. carinatum","146698-2"
"77197108-1","Solanaceae","Lycium","Lycium carnosum","Synonym","Lycium afrum","816326-1"
"816383-1","Solanaceae","Lycium","Lycium carnosum","Synonym","Lycium requienii","816600-1"
"816384-1","Solanaceae","Lycium","Lycium carolinianum","Accepted","",""
"146703-2","Solanaceae","Lycium","Lycium carolinianum var. californicum","Unplaced","",""
"77225814-1","Solanaceae","Lycium","Lycium carolinianum var. carolinianum","Accepted","",""
"289248-2","Solanaceae","Lycium","Lycium carolinianum var. cedrocense","Unplaced","",""
"146704-2","Solanaceae","Lycium","Lycium carolinianum var. gaumeri","Unplaced","",""
"289250-2","Solanaceae","Lycium","Lycium carolinianum f. hassei","Homotypic_Synonym","Lycium brevipes var. hassei","146696-2"
"289249-2","Solanaceae","Lycium","Lycium carolinianum f. jacquiniana","Synonym","Lycium americanum","816336-1"
"146705-2","Solanaceae","Lycium","Lycium carolinianum var. normale","Synonym","Lycium carolinianum","816384-1"
"146706-2","Solanaceae","Lycium","Lycium carolinianum var. quadrifidum","Accepted","",""
"816386-1","Solanaceae","Lycium","Lycium cestroides","Accepted","",""
"146708-2","Solanaceae","Lycium","Lycium cestroides var. normale","Synonym","Lycium cestroides","816386-1"
"146709-2","Solanaceae","Lycium","Lycium chanar","Accepted","",""
"816388-1","Solanaceae","Lycium","Lycium chilense","Accepted","",""
"289239-2","Solanaceae","Lycium","Lycium chilense var. capillare","Synonym","Lycium chilense var. filifolium","279963-2"
"77225834-1","Solanaceae","Lycium","Lycium chilense var. chilense","Accepted","",""
"279962-2","Solanaceae","Lycium","Lycium chilense var. comberi","Accepted","",""
"146711-2","Solanaceae","Lycium","Lycium chilense var. confertifolium","Accepted","",""
"146712-2","Solanaceae","Lycium","Lycium chilense var. descolei","Accepted","",""
"289243-2","Solanaceae","Lycium","Lycium chilense var. deserticum","Synonym","Lycium deserti","816414-1"
"289238-2","Solanaceae","Lycium","Lycium chilense subvar. filifolium","Homotypic_Synonym","Lycium chilense var. filifolium","279963-2"
"279963-2","Solanaceae","Lycium","Lycium chilense var. filifolium","Accepted","",""
"289242-2","Solanaceae","Lycium","Lycium chilense var. gelidum","Synonym","Lycium chilense var. chilense","77225834-1"
"289246-2","Solanaceae","Lycium","Lycium chilense var. glaberrimum","Accepted","",""
"146713-2","Solanaceae","Lycium","Lycium chilense var. glabriusculum","Synonym","Lycium chilense var. glaberrimum","289246-2"
"146714-2","Solanaceae","Lycium","Lycium chilense subsp. gracile","Synonym","Lycium chilense var. glaberrimum","289246-2"
"289240-2","Solanaceae","Lycium","Lycium chilense var. gracile","Synonym","Lycium chilense var. glaberrimum","289246-2"
"146715-2","Solanaceae","Lycium","Lycium chilense var. heterophyllum","Synonym","Lycium americanum","816336-1"
"146716-2","Solanaceae","Lycium","Lycium chilense var. implexum","Synonym","Lycium minutifolium","816540-1"
"146717-2","Solanaceae","Lycium","Lycium chilense var. meyeri","Synonym","Lycium ciliatum","816391-1"
"146718-2","Solanaceae","Lycium","Lycium chilense var. minutifolium","Accepted","",""
"289245-2","Solanaceae","Lycium","Lycium chilense var. nodosum","Synonym","Lycium americanum","816336-1"
"146719-2","Solanaceae","Lycium","Lycium chilense var. normale","Synonym","Lycium chilense var. chilense","77225834-1"
"146721-2","Solanaceae","Lycium","Lycium chilense var. odonellii","Synonym","Lycium chilense var. chilense","77225834-1"
"146722-2","Solanaceae","Lycium","Lycium chilense var. ovatum","Synonym","Lycium chilense var. chilense","77225834-1"
"146723-2","Solanaceae","Lycium","Lycium chilense subsp. paraguariense","Synonym","Lycium americanum","816336-1"
"146724-2","Solanaceae","Lycium","Lycium chilense var. peruviense","Synonym","Lycium chilense var. glaberrimum","289246-2"
"146725-2","Solanaceae","Lycium","Lycium chilense var. petiolatum","Synonym","Lycium chilense var. chilense","77225834-1"
"146726-2","Solanaceae","Lycium","Lycium chilense var. rachidocladum","Homotypic_Synonym","Lycium rachidocladum","816597-1"
"146727-2","Solanaceae","Lycium","Lycium chilense var. rhadinum","Synonym","Lycium chilense var. glaberrimum","289246-2"
"146728-2","Solanaceae","Lycium","Lycium chilense var. tomentosulum","Synonym","Lycium chilense var. chilense","77225834-1"
"279964-2","Solanaceae","Lycium","Lycium chilense var. vergarae","Accepted","",""
"289244-2","Solanaceae","Lycium","Lycium chilense var. vimineum","Homotypic_Synonym","Lycium vimineum","816675-1"
"816389-1","Solanaceae","Lycium","Lycium chinense","Accepted","",""
"77225335-1","Solanaceae","Lycium","Lycium chinense var. chinense","Accepted","",""
"891636-1","Solanaceae","Lycium","Lycium chinense var. potaninii","Accepted","",""
"146730-2","Solanaceae","Lycium","Lycium chubutense","Synonym","Lycium tenuispinosum var. tenuispinosum","77225600-1"
"931356-1","Solanaceae","Lycium","Lycium × ciliatoelongatum","Unplaced","",""
"816391-1","Solanaceae","Lycium","Lycium ciliatum","Accepted","",""
"146732-2","Solanaceae","Lycium","Lycium ciliatum var. cordobense","Synonym","Lycium ciliatum","816391-1"
"146733-2","Solanaceae","Lycium","Lycium ciliatum var. heteromorphum","Synonym","Lycium ciliatum","816391-1"
"146734-2","Solanaceae","Lycium","Lycium ciliatum var. latifolium","Synonym","Lycium ciliatum","816391-1"
"146735-2","Solanaceae","Lycium","Lycium ciliatum var. saltense","Synonym","Lycium ciliatum","816391-1"
"816393-1","Solanaceae","Lycium","Lycium cinereum","Unplaced","",""
"816392-1","Solanaceae","Lycium","Lycium cinereum","Accepted","",""
"816394-1","Solanaceae","Lycium","Lycium cochinchinense","Synonym","Lycium barbarum var. barbarum","77224962-1"
"816395-1","Solanaceae","Lycium","Lycium colletioides","Synonym","Lycium pumilum","816594-1"
"146736-2","Solanaceae","Lycium","Lycium colorans","Synonym","Lycium cuneatum","146741-2"
"279965-2","Solanaceae","Lycium","Lycium comberi","Homotypic_Synonym","Lycium chilense var. comberi","279962-2"
"146738-2","Solanaceae","Lycium","Lycium comberi var. donatii","Synonym","Lycium chilense var. descolei","146712-2"
"816398-1","Solanaceae","Lycium","Lycium confertum","Accepted","",""
"816400-1","Solanaceae","Lycium","Lycium cooperi","Accepted","",""
"289478-2","Solanaceae","Lycium","Lycium cooperi var. pubiflora","Synonym","Lycium cooperi","816400-1"
"816401-1","Solanaceae","Lycium","Lycium cordatum","Unplaced","",""
"1029477-2","Solanaceae","Lycium","Lycium cornifolium","Homotypic_Synonym","Iochroma cornifolium","815972-1"
"816403-1","Solanaceae","Lycium","Lycium crassifolium","Synonym","Lycium afrum","816326-1"
"146740-2","Solanaceae","Lycium","Lycium crassispina","Synonym","Lycium chanar","146709-2"
"816405-1","Solanaceae","Lycium","Lycium cufodontii","Synonym","Lycium shawii","816629-1"
"146741-2","Solanaceae","Lycium","Lycium cuneatum","Accepted","",""
"146742-2","Solanaceae","Lycium","Lycium cuneatum var. rojasii","Synonym","Lycium cuneatum","146741-2"
"816407-1","Solanaceae","Lycium","Lycium cyathiformum","Accepted","",""
"816408-1","Solanaceae","Lycium","Lycium cylindricum","Accepted","",""
"816409-1","Solanaceae","Lycium","Lycium dasystemum","Accepted","",""
"891637-1","Solanaceae","Lycium","Lycium dasystemum var. rubricaulium","Synonym","Lycium dasystemum","816409-1"
"816410-1","Solanaceae","Lycium","Lycium decipiens","Synonym","Lycium chanar","146709-2"
"816411-1","Solanaceae","Lycium","Lycium decumbens","Accepted","",""
"146745-2","Solanaceae","Lycium","Lycium densifolium","Accepted","",""
"816413-1","Solanaceae","Lycium","Lycium depressum","Accepted","",""
"891638-1","Solanaceae","Lycium","Lycium depressum subsp. angustifolium","Accepted","",""
"77224926-1","Solanaceae","Lycium","Lycium depressum subsp. depressum","Accepted","",""
"816414-1","Solanaceae","Lycium","Lycium deserti","Accepted","",""
"816415-1","Solanaceae","Lycium","Lycium dinteri","Synonym","Lycium pilifolium","816581-1"
"146746-2","Solanaceae","Lycium","Lycium dispermum","Homotypic_Synonym","Lycium macrodon var. dispermum","146787-2"
"816417-1","Solanaceae","Lycium","Lycium distichum","Accepted","",""
"146747-2","Solanaceae","Lycium","Lycium divaricatum","Synonym","Lycium distichum","816417-1"
"816419-1","Solanaceae","Lycium","Lycium dumosum","Synonym","Lycium europaeum","816435-1"
"816420-1","Solanaceae","Lycium","Lycium dunalianum","Synonym","Lycium barbarum var. barbarum","77224962-1"
"816421-1","Solanaceae","Lycium","Lycium dunalioides","Synonym","Lycium bosciifolium","816366-1"
"146748-2","Solanaceae","Lycium","Lycium durispina","Synonym","Lycium ameghinoi","146678-2"
"816423-1","Solanaceae","Lycium","Lycium echinatum","Synonym","Lycium horridum","816485-1"
"816424-1","Solanaceae","Lycium","Lycium edgeworthii","Accepted","",""
"816425-1","Solanaceae","Lycium","Lycium eenii","Accepted","",""
"816426-1","Solanaceae","Lycium","Lycium ellenbeckii","Synonym","Lycium shawii","816629-1"
"816427-1","Solanaceae","Lycium","Lycium elliotii","Synonym","Lycium acutifolium","816324-1"
"816428-1","Solanaceae","Lycium","Lycium elongatocestroides","Unplaced","",""
"816430-1","Solanaceae","Lycium","Lycium elongatum","Synonym","Lycium confertum","816398-1"
"816429-1","Solanaceae","Lycium","Lycium elongatum","Synonym","Lycium chinense var. chinense","77225335-1"
"146749-2","Solanaceae","Lycium","Lycium elongatum var. longifolium","Synonym","Lycium gilliesianum","816461-1"
"146750-2","Solanaceae","Lycium","Lycium elongatum var. riojana","Synonym","Lycium fuscum","816457-1"
"816431-1","Solanaceae","Lycium","Lycium emarginatum","Synonym","Lycium bosciifolium","816366-1"
"816432-1","Solanaceae","Lycium","Lycium engleri","Synonym","Lycium cinereum","816392-1"
"816433-1","Solanaceae","Lycium","Lycium erosum","Synonym","Lycium ciliatum","816391-1"
"816434-1","Solanaceae","Lycium","Lycium erythraeum","Synonym","Lycium shawii","816629-1"
"816435-1","Solanaceae","Lycium","Lycium europaeum","Accepted","",""
"816439-1","Solanaceae","Lycium","Lycium europaeum","Synonym","Lycium chinense var. chinense","77225335-1"
"816440-1","Solanaceae","Lycium","Lycium exsertum","Accepted","",""
"816441-1","Solanaceae","Lycium","Lycium fagosum","Synonym","Lycium stenophyllum","816647-1"
"816442-1","Solanaceae","Lycium","Lycium ferocissimum","Accepted","",""
"279966-2","Solanaceae","Lycium","Lycium filifolium","Homotypic_Synonym","Lycium chilense var. filifolium","279963-2"
"146751-2","Solanaceae","Lycium","Lycium filifolium var. minutifolium","Homotypic_Synonym","Lycium chilense var. minutifolium","146718-2"
"146752-2","Solanaceae","Lycium","Lycium fimbriatum","Synonym","Lycium chilense var. chilense","77225834-1"
"816445-1","Solanaceae","Lycium","Lycium flaccidum","Unplaced","",""
"816446-1","Solanaceae","Lycium","Lycium flexicaule","Accepted","",""
"816447-1","Solanaceae","Lycium","Lycium floribundum","Synonym","Iochroma arborescens","77186334-1"
"816448-1","Solanaceae","Lycium","Lycium floribundum","Synonym","Lycium tenuispinosum var. tenuispinosum","77225600-1"
"146754-2","Solanaceae","Lycium","Lycium floribundum var. ciliatum","Synonym","Lycium ciliatum","816391-1"
"289487-2","Solanaceae","Lycium","Lycium floribundum var. confertum","Homotypic_Synonym","Lycium confertum","816398-1"
"289485-2","Solanaceae","Lycium","Lycium floribundum var. elongatum","Synonym","Lycium confertum","816398-1"
"289484-2","Solanaceae","Lycium","Lycium floribundum var. gilliesianum","Synonym","Lycium gilliesianum","816461-1"
"289469-2","Solanaceae","Lycium","Lycium floribundum var. grisebachii","Synonym","Lycium ciliatum","816391-1"
"146755-2","Solanaceae","Lycium","Lycium floribundum var. infaustum","Synonym","Lycium tenuispinosum var. tenuispinosum","77225600-1"
"146756-2","Solanaceae","Lycium","Lycium floribundum var. normale","Synonym","Lycium tenuispinosum var. tenuispinosum","77225600-1"
"289483-2","Solanaceae","Lycium","Lycium floribundum var. pruinosum","Synonym","Lycium americanum","816336-1"
"289481-2","Solanaceae","Lycium","Lycium floribundum subvar. puberulum","Synonym","Lycium tenuispinosum var. tenuispinosum","77225600-1"
"289480-2","Solanaceae","Lycium","Lycium floribundum var. tenuispinosum","Synonym","Lycium tenuispinosum var. tenuispinosum","77225600-1"
"816449-1","Solanaceae","Lycium","Lycium floridum","Synonym","Lycium barbarum var. barbarum","77224962-1"
"816450-1","Solanaceae","Lycium","Lycium foetidum","Synonym","",""
"816451-1","Solanaceae","Lycium","Lycium foliosum","Synonym","Lycium ruthenicum","816609-1"
"816452-1","Solanaceae","Lycium","Lycium fragosum","Synonym","Lycium stenophyllum","816647-1"
"816453-1","Solanaceae","Lycium","Lycium fremontii","Accepted","",""
"290590-2","Solanaceae","Lycium","Lycium fremontii var. bigelovii","Synonym","Lycium exsertum","816440-1"
"289764-2","Solanaceae","Lycium","Lycium fremontii var. congestum","Synonym","Lycium fremontii","816453-1"
"146758-2","Solanaceae","Lycium","Lycium fremontii var. gracilipes","Synonym","Lycium fremontii","816453-1"
"146759-2","Solanaceae","Lycium","Lycium fremontii subsp. viscidum","Synonym","Lycium fremontii","816453-1"
"146760-2","Solanaceae","Lycium","Lycium friesii","Homotypic_Synonym","Lycium tenuispinosum var. friesii","146866-2"
"816456-1","Solanaceae","Lycium","Lycium fuchsioides","Homotypic_Synonym","Iochroma fuchsioides","815977-1"
"816455-1","Solanaceae","Lycium","Lycium fuchsioides","Synonym","Cestrum aurantiacum","814910-1"
"816457-1","Solanaceae","Lycium","Lycium fuscum","Accepted","",""
"70029350-1","Solanaceae","Lycium","Lycium gariepense","Accepted","",""
"816458-1","Solanaceae","Lycium","Lycium gelidum","Synonym","Lycium chilense var. chilense","77225834-1"
"146761-2","Solanaceae","Lycium","Lycium geniculatum","Accepted","",""
"146762-2","Solanaceae","Lycium","Lycium gesnerioides","Homotypic_Synonym","Iochroma gesnerioides","815978-1"
"816461-1","Solanaceae","Lycium","Lycium gilliesianum","Accepted","",""
"146763-2","Solanaceae","Lycium","Lycium gilliesianum var. fuscum","Synonym","Lycium fuscum","816457-1"
"146764-2","Solanaceae","Lycium","Lycium gilliesianum var. longitubum","Synonym","Lycium gilliesianum","816461-1"
"146765-2","Solanaceae","Lycium","Lycium gilliesianum var. ruiz-lealii","Synonym","Lycium gilliesianum","816461-1"
"816462-1","Solanaceae","Lycium","Lycium glandulosissimum","Synonym","Lycium pilifolium","816581-1"
"816463-1","Solanaceae","Lycium","Lycium glaucum","Synonym","Lycium ruthenicum","816609-1"
"816464-1","Solanaceae","Lycium","Lycium glaucum","Synonym","Lycium boerhaviifolium","816365-1"
"816465-1","Solanaceae","Lycium","Lycium glomeratum","Accepted","",""
"816466-1","Solanaceae","Lycium","Lycium glossophyllum","Synonym","Lycium bosciifolium","816366-1"
"816467-1","Solanaceae","Lycium","Lycium gracile","Synonym","Lycium chilense var. glaberrimum","289246-2"
"146769-2","Solanaceae","Lycium","Lycium graciliflorum","Synonym","Lycium glomeratum","816465-1"
"816469-1","Solanaceae","Lycium","Lycium gracilipes","Synonym","Lycium fremontii","816453-1"
"937996-1","Solanaceae","Lycium","Lycium grandicalyx","Accepted","",""
"816470-1","Solanaceae","Lycium","Lycium grandiflorum","Synonym","Iochroma arborescens","77186334-1"
"816471-1","Solanaceae","Lycium","Lycium grandifolium","Synonym","Iochroma arborescens","77186334-1"
"816472-1","Solanaceae","Lycium","Lycium grevilleanum","Synonym","Lycium chilense var. chilense","77225834-1"
"816473-1","Solanaceae","Lycium","Lycium griseolum","Unplaced","",""
"816474-1","Solanaceae","Lycium","Lycium guayaquilense","Synonym","Iochroma arborescens","77186334-1"
"816475-1","Solanaceae","Lycium","Lycium halimifolium","Synonym","Lycium barbarum var. barbarum","77224962-1"
"816476-1","Solanaceae","Lycium","Lycium halophilum","Synonym","Lycium infaustum","816496-1"
"816478-1","Solanaceae","Lycium","Lycium halophyllum","Unplaced","",""
"77080910-1","Solanaceae","Lycium","Lycium hantamense","Accepted","",""
"290563-2","Solanaceae","Lycium","Lycium hassei","Homotypic_Synonym","Lycium brevipes var. hassei","146696-2"
"146771-2","Solanaceae","Lycium","Lycium herzogii","Synonym","Eriolarynx fasciculata","1016241-1"
"816481-1","Solanaceae","Lycium","Lycium heterophyllum","Synonym","Lycium boerhaviifolium","816365-1"
"146772-2","Solanaceae","Lycium","Lycium hieronymi","Unplaced","",""
"816483-1","Solanaceae","Lycium","Lycium hirsutum","Accepted","",""
"146773-2","Solanaceae","Lycium","Lycium hitchcockii","Unplaced","",""
"146774-2","Solanaceae","Lycium","Lycium horridum","Synonym","Iochroma parvifolium","974603-1"
"816485-1","Solanaceae","Lycium","Lycium horridum","Accepted","",""
"816486-1","Solanaceae","Lycium","Lycium horridum","Synonym","Lycium minutifolium","816540-1"
"816488-1","Solanaceae","Lycium","Lycium humile","Accepted","",""
"146776-2","Solanaceae","Lycium","Lycium hunzikeri","Synonym","Lycium chilense var. chilense","77225834-1"
"816490-1","Solanaceae","Lycium","Lycium ignarum","Synonym","Lycium ciliatum","816391-1"
"816492-1","Solanaceae","Lycium","Lycium implexum","Synonym","Lycium minutifolium","816540-1"
"816494-1","Solanaceae","Lycium","Lycium indicum","Synonym","Lycium edgeworthii","816424-1"
"816493-1","Solanaceae","Lycium","Lycium indicum","Unplaced","",""
"816495-1","Solanaceae","Lycium","Lycium inerme","Homotypic_Synonym","Canthium inerme","745470-1"
"816496-1","Solanaceae","Lycium","Lycium infaustum","Accepted","",""
"816497-1","Solanaceae","Lycium","Lycium intricatum","Accepted","",""
"77225741-1","Solanaceae","Lycium","Lycium intricatum subsp. intricatum","Accepted","",""
"77251131-1","Solanaceae","Lycium","Lycium intricatum subsp. pujosii","Accepted","",""
"146779-2","Solanaceae","Lycium","Lycium isthmense","Accepted","",""
"816499-1","Solanaceae","Lycium","Lycium italicum","Synonym","Lycium afrum","816326-1"
"816500-1","Solanaceae","Lycium","Lycium jaegeri","Synonym","Lycium shawii","816629-1"
"816502-1","Solanaceae","Lycium","Lycium japonicum","Homotypic_Synonym","",""
"816503-1","Solanaceae","Lycium","Lycium javellense","Synonym","Lycium shawii","816629-1"
"146780-2","Solanaceae","Lycium","Lycium johnstonii","Synonym","Lycium americanum","816336-1"
"816505-1","Solanaceae","Lycium","Lycium karasbergense","Synonym","Lycium pumilum","816594-1"
"816506-1","Solanaceae","Lycium","Lycium kopetdaghi","Accepted","",""
"816507-1","Solanaceae","Lycium","Lycium kraussii","Synonym","Lycium horridum","816485-1"
"816509-1","Solanaceae","Lycium","Lycium lancifolium","Synonym","Lycium eenii","816425-1"
"816510-1","Solanaceae","Lycium","Lycium lasiopetalum","Synonym","Lycium chilense var. chilense","77225834-1"
"146782-2","Solanaceae","Lycium","Lycium leiospermum","Accepted","",""
"816513-1","Solanaceae","Lycium","Lycium leiostemum","Accepted","",""
"816514-1","Solanaceae","Lycium","Lycium leptacanthum","Synonym","Lycium horridum","816485-1"
"816515-1","Solanaceae","Lycium","Lycium longiflorum","Synonym","Lycium gilliesianum","816461-1"
"816516-1","Solanaceae","Lycium","Lycium longitubum","Synonym","Lycium gilliesianum","816461-1"
"146785-2","Solanaceae","Lycium","Lycium loxense","Synonym","Iochroma loxense","815984-1"
"816518-1","Solanaceae","Lycium","Lycium macranthum","Unplaced","",""
"816519-1","Solanaceae","Lycium","Lycium macrocalyx","Synonym","Lycium ferocissimum","816442-1"
"816520-1","Solanaceae","Lycium","Lycium macrocalyx","Synonym","Lycium ferocissimum","816442-1"
"816521-1","Solanaceae","Lycium","Lycium macrocarpum","Synonym","Lycium europaeum","816435-1"
"816522-1","Solanaceae","Lycium","Lycium macrodon","Accepted","",""
"146787-2","Solanaceae","Lycium","Lycium macrodon var. dispermum","Accepted","",""
"77225086-1","Solanaceae","Lycium","Lycium macrodon var. macrodon","Accepted","",""
"816523-1","Solanaceae","Lycium","Lycium macrophyllum","Synonym","Iochroma arborescens","77186334-1"
"816524-1","Solanaceae","Lycium","Lycium makranicum","Accepted","",""
"816525-1","Solanaceae","Lycium","Lycium marlothii","Synonym","Lycium tetrandrum","816656-1"
"816526-1","Solanaceae","Lycium","Lycium martii","Accepted","",""
"146790-2","Solanaceae","Lycium","Lycium martii var. glomeratum","Synonym","Lycium martii","816526-1"
"146791-2","Solanaceae","Lycium","Lycium martii var. normale","Synonym","Lycium martii","816526-1"
"290562-2","Solanaceae","Lycium","Lycium martii var. obovatum","Synonym","Lycium martii","816526-1"
"1013408-1","Solanaceae","Lycium","Lycium mascarenense","Accepted","",""
"816527-1","Solanaceae","Lycium","Lycium mediterraneum","Synonym","Lycium europaeum","816435-1"
"146792-2","Solanaceae","Lycium","Lycium megacarpum","Accepted","",""
"816529-1","Solanaceae","Lycium","Lycium megistocarpum","Synonym","Lycium chinense var. chinense","77225335-1"
"816530-1","Solanaceae","Lycium","Lycium melanopotamicum","Synonym","Lycium chilense var. confertifolium","146711-2"
"816531-1","Solanaceae","Lycium","Lycium merkeri","Synonym","Lycium shawii","816629-1"
"816532-1","Solanaceae","Lycium","Lycium meyenianum","Synonym","Dunalia spinosa","85820-2"
"816533-1","Solanaceae","Lycium","Lycium microphyllum","Synonym","Iochroma parvifolium","974603-1"
"816534-1","Solanaceae","Lycium","Lycium microphyllum","Unplaced","",""
"146795-2","Solanaceae","Lycium","Lycium miersii","Synonym","Lycium fuscum","816457-1"
"816538-1","Solanaceae","Lycium","Lycium minimum","Accepted","",""
"816539-1","Solanaceae","Lycium","Lycium minutiflorum","Synonym","Lycium horridum","816485-1"
"816540-1","Solanaceae","Lycium","Lycium minutifolium","Accepted","",""
"146797-2","Solanaceae","Lycium","Lycium minutifolium","Synonym","Lycium chilense var. minutifolium","146718-2"
"146798-2","Solanaceae","Lycium","Lycium minutifolium var. major","Synonym","Lycium pubitubum","146829-2"
"146799-2","Solanaceae","Lycium","Lycium modestum","Homotypic_Synonym","Lycium parishii var. modestum","146817-2"
"146800-2","Solanaceae","Lycium","Lycium morongii","Synonym","Lycium glomeratum","816465-1"
"146801-2","Solanaceae","Lycium","Lycium morongii var. indutum","Synonym","Lycium glomeratum","816465-1"
"146802-2","Solanaceae","Lycium","Lycium morongii f. parvifolium","Synonym","Lycium glomeratum","816465-1"
"146803-2","Solanaceae","Lycium","Lycium morongii var. parvifolium","Synonym","Lycium glomeratum","816465-1"
"146804-2","Solanaceae","Lycium","Lycium morongii var. typicum","Synonym","Lycium glomeratum","816465-1"
"816544-1","Solanaceae","Lycium","Lycium namaquense","Synonym","Lycium bosciifolium","816366-1"
"146805-2","Solanaceae","Lycium","Lycium nanum","Unplaced","",""
"816546-1","Solanaceae","Lycium","Lycium natalense","Unplaced","",""
"77141843-1","Solanaceae","Lycium","Lycium ningxiaense","Accepted","",""
"816547-1","Solanaceae","Lycium","Lycium nodosum","Synonym","Lycium americanum","816336-1"
"146806-2","Solanaceae","Lycium","Lycium nodosum var. isthmense","Synonym","Lycium isthmense","146779-2"
"816550-1","Solanaceae","Lycium","Lycium obliquifolium","Synonym","Lycium europaeum","816435-1"
"816552-1","Solanaceae","Lycium","Lycium obovatum","Synonym","Ehretia capensis","115990-1"
"816551-1","Solanaceae","Lycium","Lycium obovatum","Homotypic_Synonym","Dunalia obovata","85814-2"
"816553-1","Solanaceae","Lycium","Lycium obtusum","Synonym","Lycium americanum","816336-1"
"146808-2","Solanaceae","Lycium","Lycium odonellii","Synonym","Lycium repens","146834-2"
"816554-1","Solanaceae","Lycium","Lycium omahekense","Synonym","Lycium horridum","816485-1"
"816555-1","Solanaceae","Lycium","Lycium oreophilum","Synonym","Lycium distichum","816417-1"
"816556-1","Solanaceae","Lycium","Lycium orientale","Synonym","Lycium europaeum","816435-1"
"816557-1","Solanaceae","Lycium","Lycium ovale","Synonym","Iochroma cornifolium","815972-1"
"816558-1","Solanaceae","Lycium","Lycium ovalilobum","Synonym","Lycium tenuispinosum var. calycinum","921159-1"
"146810-2","Solanaceae","Lycium","Lycium ovalilobum var. sleumeri","Synonym","Lycium tenuispinosum var. friesii","146866-2"
"816562-1","Solanaceae","Lycium","Lycium ovinum","Synonym","Lycium shawii","816629-1"
"816563-1","Solanaceae","Lycium","Lycium oxycarpum","Accepted","",""
"816564-1","Solanaceae","Lycium","Lycium oxycladum","Synonym","Lycium horridum","816485-1"
"146811-2","Solanaceae","Lycium","Lycium pachyclados","Synonym","Lycium deserti","816414-1"
"816566-1","Solanaceae","Lycium","Lycium pallidum","Accepted","",""
"290560-2","Solanaceae","Lycium","Lycium pallidum var. bigelovii","Synonym","Lycium pallidum var. pallidum","77225542-1"
"290557-2","Solanaceae","Lycium","Lycium pallidum var. cooperi","Synonym","Lycium pallidum var. pallidum","77225542-1"
"146813-2","Solanaceae","Lycium","Lycium pallidum var. fremontii","Synonym","Lycium pallidum var. pallidum","77225542-1"
"290558-2","Solanaceae","Lycium","Lycium pallidum var. gracilipes","Synonym","Lycium pallidum var. pallidum","77225542-1"
"146814-2","Solanaceae","Lycium","Lycium pallidum var. macrodon","Synonym","Lycium pallidum var. pallidum","77225542-1"
"146815-2","Solanaceae","Lycium","Lycium pallidum var. normale","Synonym","Lycium pallidum","816566-1"
"146816-2","Solanaceae","Lycium","Lycium pallidum var. oligospermum","Accepted","",""
"77225542-1","Solanaceae","Lycium","Lycium pallidum var. pallidum","Accepted","",""
"816567-1","Solanaceae","Lycium","Lycium palmeri","Synonym","Lycium berlandieri var. berlandieri","77225119-1"
"816568-1","Solanaceae","Lycium","Lycium parishii","Accepted","",""
"146817-2","Solanaceae","Lycium","Lycium parishii var. modestum","Accepted","",""
"77225589-1","Solanaceae","Lycium","Lycium parishii var. parishii","Accepted","",""
"816569-1","Solanaceae","Lycium","Lycium parviflorum","Homotypic_Synonym","Lycium berlandieri var. parviflorum","289458-2"
"304627-2","Solanaceae","Lycium","Lycium parvifolium","Homotypic_Synonym","Iochroma parvifolium","974603-1"
"77118769-1","Solanaceae","Lycium","Lycium parvifolium","Synonym","Lycium ningxiaense","77141843-1"
"146818-2","Solanaceae","Lycium","Lycium parvifolium var. peninsulare","Synonym","Iochroma parvifolium","974603-1"
"816571-1","Solanaceae","Lycium","Lycium patagonicum","Synonym","Lycium chilense var. descolei","146712-2"
"146820-2","Solanaceae","Lycium","Lycium patagonicum var. longiflorum","Synonym","Lycium gilliesianum","816461-1"
"146821-2","Solanaceae","Lycium","Lycium patagonicum var. melanopotamicum","Synonym","Lycium chilense var. confertifolium","146711-2"
"146822-2","Solanaceae","Lycium","Lycium patagonicum var. normale","Synonym","Lycium chilense var. descolei","146712-2"
"290593-2","Solanaceae","Lycium","Lycium patagonicum var. pubescens","Synonym","Lycium tenuispinosum var. tenuispinosum","77225600-1"
"816572-1","Solanaceae","Lycium","Lycium pauciflorum","Synonym","Lycium bosciifolium","816366-1"
"146823-2","Solanaceae","Lycium","Lycium paucifolium","Synonym","Lycium infaustum","816496-1"
"146824-2","Solanaceae","Lycium","Lycium penduliflorum","Synonym","Lycium fuscum","816457-1"
"816575-1","Solanaceae","Lycium","Lycium pendulinum","Synonym","Lycium acutifolium","816324-1"
"816576-1","Solanaceae","Lycium","Lycium pendulum","Unplaced","",""
"146825-2","Solanaceae","Lycium","Lycium peninsulare","Synonym","Lycium berlandieri var. berlandieri","77225119-1"
"816578-1","Solanaceae","Lycium","Lycium persicum","Synonym","Lycium shawii","816629-1"
"816579-1","Solanaceae","Lycium","Lycium peruvianum","Synonym","Dunalia obovata","85814-2"
"816580-1","Solanaceae","Lycium","Lycium petraeum","Accepted","",""
"146826-2","Solanaceae","Lycium","Lycium philippianum","Synonym","Lycium chilense var. minutifolium","146718-2"
"816581-1","Solanaceae","Lycium","Lycium pilifolium","Accepted","",""
"816582-1","Solanaceae","Lycium","Lycium pilosum","Synonym","Lycium hirsutum","816483-1"
"146827-2","Solanaceae","Lycium","Lycium piocorreanum","Synonym","Lycium martii","816526-1"
"816584-1","Solanaceae","Lycium","Lycium potaninii","Homotypic_Synonym","Lycium chinense var. potaninii","891636-1"
"816585-1","Solanaceae","Lycium","Lycium pringlei","Synonym","Lycium parishii var. parishii","77225589-1"
"816586-1","Solanaceae","Lycium","Lycium propinquum","Synonym","Lycium afrum","816326-1"
"816587-1","Solanaceae","Lycium","Lycium pruinosum","Synonym","Lycium americanum","816336-1"
"816588-1","Solanaceae","Lycium","Lycium prunus-spinosa","Synonym","Lycium cinereum","816392-1"
"816589-1","Solanaceae","Lycium","Lycium puberulum","Accepted","",""
"146828-2","Solanaceae","Lycium","Lycium puberulum var. berberidoides","Accepted","",""
"77225203-1","Solanaceae","Lycium","Lycium puberulum var. puberulum","Accepted","",""
"816590-1","Solanaceae","Lycium","Lycium pubescens","Synonym","Lycium tenuispinosum var. tenuispinosum","77225600-1"
"146829-2","Solanaceae","Lycium","Lycium pubitubum","Accepted","",""
"816592-1","Solanaceae","Lycium","Lycium pulchellum","Unplaced","",""
"146830-2","Solanaceae","Lycium","Lycium pulverulentum","Synonym","Lycium chilense var. chilense","77225834-1"
"816594-1","Solanaceae","Lycium","Lycium pumilum","Accepted","",""
"77115882-1","Solanaceae","Lycium","Lycium qingshuigeense","Accepted","",""
"146831-2","Solanaceae","Lycium","Lycium quadrifidum","Homotypic_Synonym","Lycium carolinianum var. quadrifidum","146706-2"
"816596-1","Solanaceae","Lycium","Lycium quitense","Homotypic_Synonym","Saracha quitensis","817862-1"
"816597-1","Solanaceae","Lycium","Lycium rachidocladum","Accepted","",""
"816598-1","Solanaceae","Lycium","Lycium rangei","Synonym","Lycium bosciifolium","816366-1"
"146834-2","Solanaceae","Lycium","Lycium repens","Accepted","",""
"816600-1","Solanaceae","Lycium","Lycium requienii","Unplaced","",""
"146835-2","Solanaceae","Lycium","Lycium retusum","Synonym","Lycium exsertum","816440-1"
"146836-2","Solanaceae","Lycium","Lycium rhadinum","Synonym","Lycium chilense var. glaberrimum","289246-2"
"816603-1","Solanaceae","Lycium","Lycium rhombifolium","Synonym","Lycium chinense var. chinense","77225335-1"
"289763-2","Solanaceae","Lycium","Lycium rhudolphii","Synonym","Lycium minutifolium","816540-1"
"816604-1","Solanaceae","Lycium","Lycium richii","Synonym","Lycium brevipes var. brevipes","77225454-1"
"146837-2","Solanaceae","Lycium","Lycium richii var. hassei","Homotypic_Synonym","Lycium brevipes var. hassei","146696-2"
"146838-2","Solanaceae","Lycium","Lycium rickardii","Synonym","Lycium shockleyi","146858-2"
"816606-1","Solanaceae","Lycium","Lycium rigidum","Synonym","Lycium afrum","816326-1"
"816607-1","Solanaceae","Lycium","Lycium roridum","Synonym","Lycium cinereum","816392-1"
"816608-1","Solanaceae","Lycium","Lycium roseum","Unplaced","",""
"816609-1","Solanaceae","Lycium","Lycium ruthenicum","Accepted","",""
"816610-1","Solanaceae","Lycium","Lycium saevum","Synonym","Lycium europaeum","816435-1"
"816611-1","Solanaceae","Lycium","Lycium salicifolium","Synonym","Lycium europaeum","816435-1"
"816612-1","Solanaceae","Lycium","Lycium salinicola","Synonym","Lycium pumilum","816594-1"
"816613-1","Solanaceae","Lycium","Lycium salsum","Synonym","Lycium americanum","816336-1"
"816614-1","Solanaceae","Lycium","Lycium salsum","Synonym","Lycium carolinianum var. carolinianum","77225814-1"
"146840-2","Solanaceae","Lycium","Lycium salsum var. chilense","Synonym","Lycium chilense var. chilense","77225834-1"
"288454-2","Solanaceae","Lycium","Lycium salsum var. fagosum","Synonym","Lycium stenophyllum","816647-1"
"146841-2","Solanaceae","Lycium","Lycium salsum var. floribundum","Synonym","Lycium tenuispinosum var. tenuispinosum","77225600-1"
"146842-2","Solanaceae","Lycium","Lycium salsum var. gracile","Synonym","Lycium chilense var. glaberrimum","289246-2"
"146843-2","Solanaceae","Lycium","Lycium salsum var. normale","Synonym","Lycium americanum","816336-1"
"146844-2","Solanaceae","Lycium","Lycium salsum var. patagonicum","Synonym","Lycium chilense var. descolei","146712-2"
"146845-2","Solanaceae","Lycium","Lycium salsum var. pubescens","Synonym","Lycium tenuispinosum var. tenuispinosum","77225600-1"
"146846-2","Solanaceae","Lycium","Lycium salsum var. typicum","Unplaced","",""
"816615-1","Solanaceae","Lycium","Lycium sandwicense","Accepted","",""
"816616-1","Solanaceae","Lycium","Lycium scabrum","Synonym","Lycium distichum","816417-1"
"816617-1","Solanaceae","Lycium","Lycium schaeferi","Synonym","Lycium bosciifolium","816366-1"
"816618-1","Solanaceae","Lycium","Lycium schaffneri","Accepted","",""
"146847-2","Solanaceae","Lycium","Lycium schickendantzii","Synonym","Lycium ciliatum","816391-1"
"816620-1","Solanaceae","Lycium","Lycium schizocalyx","Accepted","",""
"816621-1","Solanaceae","Lycium","Lycium schoenlandii","Synonym","Lycium horridum","816485-1"
"146848-2","Solanaceae","Lycium","Lycium schreiteri","Accepted","",""
"816623-1","Solanaceae","Lycium","Lycium schweinfurthii","Accepted","",""
"77251522-1","Solanaceae","Lycium","Lycium schweinfurthii var. aschersonii","Accepted","",""
"77225019-1","Solanaceae","Lycium","Lycium schweinfurthii var. schweinfurthii","Accepted","",""
"816624-1","Solanaceae","Lycium","Lycium scoparium","Synonym","Lycium chilense var. chilense","77225834-1"
"146850-2","Solanaceae","Lycium","Lycium scoparium var. affine","Synonym","Lycium chilense var. chilense","77225834-1"
"146852-2","Solanaceae","Lycium","Lycium scoparium var. argentinum","Synonym","Lycium ciliatum","816391-1"
"146851-2","Solanaceae","Lycium","Lycium scoparium var. argentinum","Synonym","Lycium ciliatum","816391-1"
"146853-2","Solanaceae","Lycium","Lycium scoparium var. calycinum","Homotypic_Synonym","Lycium tenuispinosum var. calycinum","921159-1"
"288345-2","Solanaceae","Lycium","Lycium scoparium var. confertiflorum","Synonym","Lycium chilense var. confertifolium","146711-2"
"146854-2","Solanaceae","Lycium","Lycium scoparium var. divaricatum","Synonym","Lycium chilense var. chilense","77225834-1"
"288274-2","Solanaceae","Lycium","Lycium scoparium var. fuscum","Synonym","Lycium fuscum","816457-1"
"288273-2","Solanaceae","Lycium","Lycium scoparium var. grevilleanum","Synonym","Lycium chilense var. chilense","77225834-1"
"146855-2","Solanaceae","Lycium","Lycium scoparium var. lineare","Synonym","Lycium chilense var. chilense","77225834-1"
"146856-2","Solanaceae","Lycium","Lycium scoparium var. normale","Synonym","Lycium chilense var. chilense","77225834-1"
"288452-2","Solanaceae","Lycium","Lycium scoparium var. umbrosum","Synonym","Lycium chilense var. chilense","77225834-1"
"816625-1","Solanaceae","Lycium","Lycium seineri","Synonym","Lycium cinereum","816392-1"
"816626-1","Solanaceae","Lycium","Lycium senticosum","Synonym","Lycium berlandieri var. berlandieri","77225119-1"
"816627-1","Solanaceae","Lycium","Lycium serpyllifolium","Unplaced","",""
"146857-2","Solanaceae","Lycium","Lycium sessiliflorum","Synonym","Lycium chilense var. glaberrimum","289246-2"
"816629-1","Solanaceae","Lycium","Lycium shawii","Accepted","",""
"891640-1","Solanaceae","Lycium","Lycium shawii var. leptophyllum","Synonym","Lycium shawii","816629-1"
"146858-2","Solanaceae","Lycium","Lycium shockleyi","Accepted","",""
"816632-1","Solanaceae","Lycium","Lycium siculum","Synonym","Lycium europaeum","816435-1"
"816634-1","Solanaceae","Lycium","Lycium sinense","Synonym","Lycium ciliatum","816391-1"
"816635-1","Solanaceae","Lycium","Lycium sokotranum","Accepted","",""
"816636-1","Solanaceae","Lycium","Lycium somalense","Synonym","Lycium shawii","816629-1"
"146859-2","Solanaceae","Lycium","Lycium sparrei","Synonym","Lycium chilense var. glaberrimum","289246-2"
"816638-1","Solanaceae","Lycium","Lycium spathulatum","Synonym","Dunalia spathulata","815696-1"
"816639-1","Solanaceae","Lycium","Lycium spathulatum","Homotypic_Synonym","Dunalia spathulata","815696-1"
"146860-2","Solanaceae","Lycium","Lycium spathulifolium","Synonym","Lycium americanum","816336-1"
"146861-2","Solanaceae","Lycium","Lycium spencerae","Unplaced","",""
"816642-1","Solanaceae","Lycium","Lycium spina-christi","Synonym","Lycium europaeum","816435-1"
"816643-1","Solanaceae","Lycium","Lycium spinosum","Unplaced","",""
"816644-1","Solanaceae","Lycium","Lycium spinosum","Synonym","Lycium europaeum","816435-1"
"816645-1","Solanaceae","Lycium","Lycium spinulosum","Synonym","Lycium tenuispinosum var. tenuispinosum","77225600-1"
"146862-2","Solanaceae","Lycium","Lycium spinulosum var. parvifolium","Synonym","Lycium tenuispinosum var. tenuispinosum","77225600-1"
"816646-1","Solanaceae","Lycium","Lycium squarrosum","Synonym","Lycium bosciifolium","816366-1"
"816647-1","Solanaceae","Lycium","Lycium stenophyllum","Accepted","",""
"816648-1","Solanaceae","Lycium","Lycium stolidum","Synonym","Lycium berlandieri var. berlandieri","77225119-1"
"60433023-2","Solanaceae","Lycium","Lycium strandveldense","Accepted","",""
"146863-2","Solanaceae","Lycium","Lycium subglabrum","Synonym","Lycium americanum","816336-1"
"816650-1","Solanaceae","Lycium","Lycium subglobosum","Synonym","Lycium chinense var. chinense","77225335-1"
"146864-2","Solanaceae","Lycium","Lycium subtridentatum","Synonym","Lycium americanum","816336-1"
"816652-1","Solanaceae","Lycium","Lycium tataricum","Synonym","Lycium ruthenicum","816609-1"
"816653-1","Solanaceae","Lycium","Lycium tenue","Accepted","",""
"816654-1","Solanaceae","Lycium","Lycium tenuiramosum","Synonym","Lycium shawii","816629-1"
"816655-1","Solanaceae","Lycium","Lycium tenuispinosum","Accepted","",""
"921159-1","Solanaceae","Lycium","Lycium tenuispinosum var. calycinum","Accepted","",""
"146866-2","Solanaceae","Lycium","Lycium tenuispinosum var. friesii","Accepted","",""
"77225600-1","Solanaceae","Lycium","Lycium tenuispinosum var. tenuispinosum","Accepted","",""
"816656-1","Solanaceae","Lycium","Lycium tetrandrum","Accepted","",""
"146867-2","Solanaceae","Lycium","Lycium texanum","Accepted","",""
"816658-1","Solanaceae","Lycium","Lycium thunbergii","Synonym","Lycium barbarum var. barbarum","77224962-1"
"816659-1","Solanaceae","Lycium","Lycium torreyi","Accepted","",""
"146869-2","Solanaceae","Lycium","Lycium torreyi var. filiforme","Synonym","Lycium torreyi","816659-1"
"146870-2","Solanaceae","Lycium","Lycium torreyi var. wrightii","Synonym","Lycium torreyi","816659-1"
"816660-1","Solanaceae","Lycium","Lycium trewianum","Synonym","Lycium barbarum var. barbarum","77224962-1"
"816661-1","Solanaceae","Lycium","Lycium trothae","Synonym","Lycium eenii","816425-1"
"816662-1","Solanaceae","Lycium","Lycium truncatum","Accepted","",""
"816664-1","Solanaceae","Lycium","Lycium turcomannicum","Synonym","Lycium ruthenicum","816609-1"
"816665-1","Solanaceae","Lycium","Lycium tweedyanum","Synonym","Lycium americanum","816336-1"
"146871-2","Solanaceae","Lycium","Lycium tweedyanum var. chrysocarpum","Synonym","Lycium americanum","816336-1"
"146872-2","Solanaceae","Lycium","Lycium tweedyanum var. heterophyllum","Synonym","Lycium americanum","816336-1"
"146873-2","Solanaceae","Lycium","Lycium tweedyanum var. pruinosum","Synonym","Lycium americanum","816336-1"
"146874-2","Solanaceae","Lycium","Lycium umbellatum","Synonym","Lycium fremontii","816453-1"
"146875-2","Solanaceae","Lycium","Lycium umbellatum","Homotypic_Synonym","Trozelia umbellata","821646-1"
"816668-1","Solanaceae","Lycium","Lycium umbrosum","Synonym","Iochroma gesnerioides","815978-1"
"816669-1","Solanaceae","Lycium","Lycium undulatum","Synonym","Lycium horridum","816485-1"
"146876-2","Solanaceae","Lycium","Lycium venosum","Synonym","Lycium chilense var. glaberrimum","289246-2"
"816671-1","Solanaceae","Lycium","Lycium venturii","Synonym","Lycium tenuispinosum var. friesii","146866-2"
"146878-2","Solanaceae","Lycium","Lycium vergarae","Homotypic_Synonym","Lycium chilense var. vergarae","279964-2"
"146879-2","Solanaceae","Lycium","Lycium verrucosum","Synonym","Lycium brevipes var. brevipes","77225454-1"
"816674-1","Solanaceae","Lycium","Lycium villosum","Accepted","",""
"816675-1","Solanaceae","Lycium","Lycium vimineum","Accepted","",""
"816676-1","Solanaceae","Lycium","Lycium vulgare","Synonym","Lycium barbarum var. barbarum","77224962-1"
"816677-1","Solanaceae","Lycium","Lycium wilkesii","Synonym","Lycium gilliesianum","816461-1"
"816678-1","Solanaceae","Lycium","Lycium withaniifolium","Synonym","Lycium shawii","816629-1"
"816679-1","Solanaceae","Lycium","Lycium woodii","Synonym","Lycium cinereum","816392-1"
"816680-1","Solanaceae","Lycium","Lycium yunnanense","Accepted","",""
